N,Result,Time,Speedup,Efficiency
0,3436039629,148,1,1
1,3436039629,102,1.45098,0.72549
