N,Result,Time,Speedup,Efficiency
0,4278190080,871,1,1
1,4278190080,542,1.60701,0.803506
