N,Result,Time,Speedup,Efficiency
0,4278190080,1164,1,1
1,4278190080,1416,0.822034,0.411017
