N,Result,Time,Speedup,Efficiency
0,4278190080,904,1,1
1,4278190080,509,1.77603,0.888016
