N,Result,Time,Speedup,Efficiency
0,3436039629,145,1,1
1,3436039629,222,0.653153,0.326577
