N,Result,Time,Speedup,Efficiency
0,4278190080,1020,1,1
1,4278190080,554,1.84116,0.920578
