N,Result,Time,Speedup,Efficiency
0,4278190080,1132,1,1
1,4278190080,574,1.97213,0.986063
